"layer","log_id","run_id","pipeline_name","unit_name","notebook_name","trigger_name","status","error_message","start_time","end_time","rows_written","attempt","source_type","source_name","reference_source_name","target_type","target_delta_table"
"ingestion",1,"PL_01_Ingest_Crm-20260926","PL_01_Ingest_Crm","Ingest_customer_ingestion","nb_customer_ingestion","TR_Daily_0200","Succeeded","","2026-09-26 02:00:00","2026-09-26 02:06:00",1503,1,"sqlserver","crm.dbo.customer","","delta","customer_ingestion"
"ingestion",2,"PL_02_Ingest_Sales-20260926","PL_02_Ingest_Sales","Ingest_sales_ingestion","nb_sales_ingestion","TR_Daily_0200","Succeeded","","2026-09-26 02:10:00","2026-09-26 02:18:00",10154,1,"api","sales_api/orders","","delta","sales_ingestion"
"ingestion",3,"PL_03_Ingest_Inventory-20260926","PL_03_Ingest_Inventory","Ingest_inventory_ingestion","nb_inventory_ingestion","TR_Daily_0200","Succeeded","","2026-09-26 02:20:00","2026-09-26 02:24:00",2272,1,"csv","inventory_20260926.csv","","delta","inventory_ingestion"
"ingestion",4,"PL_01_Ingest_Crm-20260927","PL_01_Ingest_Crm","Ingest_customer_ingestion","nb_customer_ingestion","TR_Daily_0200","Succeeded","","2026-09-27 02:00:00","2026-09-27 02:09:00",1528,1,"sqlserver","crm.dbo.customer","","delta","customer_ingestion"
"ingestion",5,"PL_02_Ingest_Sales-20260927","PL_02_Ingest_Sales","Ingest_sales_ingestion","nb_sales_ingestion","TR_Daily_0200","Succeeded","","2026-09-27 02:10:00","2026-09-27 02:15:00",9661,1,"api","sales_api/orders","","delta","sales_ingestion"
"ingestion",6,"PL_03_Ingest_Inventory-20260927","PL_03_Ingest_Inventory","Ingest_inventory_ingestion","nb_inventory_ingestion","TR_Daily_0200","Succeeded","","2026-09-27 02:20:00","2026-09-27 02:25:00",2378,1,"csv","inventory_20260927.csv","","delta","inventory_ingestion"
"ingestion",7,"PL_01_Ingest_Crm-20260928","PL_01_Ingest_Crm","Ingest_customer_ingestion","nb_customer_ingestion","TR_Daily_0200","Succeeded","","2026-09-28 02:00:00","2026-09-28 02:06:00",1562,1,"sqlserver","crm.dbo.customer","","delta","customer_ingestion"
"ingestion",8,"PL_02_Ingest_Sales-20260928","PL_02_Ingest_Sales","Ingest_sales_ingestion","nb_sales_ingestion","TR_Daily_0200","Succeeded","","2026-09-28 02:10:00","2026-09-28 02:14:00",9437,1,"api","sales_api/orders","","delta","sales_ingestion"
"ingestion",9,"PL_03_Ingest_Inventory-20260928","PL_03_Ingest_Inventory","Ingest_inventory_ingestion","nb_inventory_ingestion","TR_Daily_0200","Succeeded","","2026-09-28 02:20:00","2026-09-28 02:28:00",2242,1,"csv","inventory_20260928.csv","","delta","inventory_ingestion"
"ingestion",10,"PL_01_Ingest_Crm-20260929","PL_01_Ingest_Crm","Ingest_customer_ingestion","nb_customer_ingestion","TR_Daily_0200","Succeeded","","2026-09-29 02:00:00","2026-09-29 02:06:00",1574,1,"sqlserver","crm.dbo.customer","","delta","customer_ingestion"
"ingestion",11,"PL_02_Ingest_Sales-20260929","PL_02_Ingest_Sales","Ingest_sales_ingestion","nb_sales_ingestion","TR_Daily_0200","Succeeded","","2026-09-29 02:10:00","2026-09-29 02:18:00",9980,1,"api","sales_api/orders","","delta","sales_ingestion"
"ingestion",12,"PL_03_Ingest_Inventory-20260929","PL_03_Ingest_Inventory","Ingest_inventory_ingestion","nb_inventory_ingestion","TR_Daily_0200","Succeeded","","2026-09-29 02:20:00","2026-09-29 02:25:00",2326,1,"csv","inventory_20260929.csv","","delta","inventory_ingestion"
"ingestion",13,"PL_01_Ingest_Crm-20260930","PL_01_Ingest_Crm","Ingest_customer_ingestion","nb_customer_ingestion","TR_Daily_0200","Succeeded","","2026-09-30 02:00:00","2026-09-30 02:06:00",1441,1,"sqlserver","crm.dbo.customer","","delta","customer_ingestion"
"ingestion",14,"PL_02_Ingest_Sales-20260930","PL_02_Ingest_Sales","Ingest_sales_ingestion","nb_sales_ingestion","TR_Daily_0200","Succeeded","","2026-09-30 02:10:00","2026-09-30 02:15:00",9420,1,"api","sales_api/orders","","delta","sales_ingestion"
"ingestion",15,"PL_03_Ingest_Inventory-20260930","PL_03_Ingest_Inventory","Ingest_inventory_ingestion","nb_inventory_ingestion","TR_Daily_0200","Succeeded","","2026-09-30 02:20:00","2026-09-30 02:24:00",2324,1,"csv","inventory_20260930.csv","","delta","inventory_ingestion"
"ingestion",16,"PL_01_Ingest_Crm-20261001","PL_01_Ingest_Crm","Ingest_customer_ingestion","nb_customer_ingestion","TR_Daily_0200","Succeeded","","2026-10-01 02:00:00","2026-10-01 02:03:00",1465,1,"sqlserver","crm.dbo.customer","","delta","customer_ingestion"
"ingestion",17,"PL_02_Ingest_Sales-20261001","PL_02_Ingest_Sales","Ingest_sales_ingestion","nb_sales_ingestion","TR_Daily_0200","Succeeded","","2026-10-01 02:10:00","2026-10-01 02:13:00",0,1,"api","sales_api/orders","","delta","sales_ingestion"
"ingestion",18,"PL_03_Ingest_Inventory-20261001","PL_03_Ingest_Inventory","Ingest_inventory_ingestion","nb_inventory_ingestion","TR_Daily_0200","Succeeded","","2026-10-01 02:20:00","2026-10-01 02:24:00",2343,1,"csv","inventory_20261001.csv","","delta","inventory_ingestion"
"curation",1,"CUR-20260926","PL_04_Cur_Execute_Scripts","customer_curation","","","Succeeded","","2026-09-26 05:00:00","2026-09-26 05:03:00",1429,1,"delta","customer_ingestion","","delta","customer_curation"
"curation",2,"CUR-20260926","PL_04_Cur_Execute_Scripts","sales_curation","","","Succeeded","","2026-09-26 05:06:00","2026-09-26 05:07:00",9867,1,"delta","sales_ingestion","customer_curation","delta","sales_curation"
"curation",3,"CUR-20260926","PL_04_Cur_Execute_Scripts","inventory_curation","","","Succeeded","","2026-09-26 05:12:00","2026-09-26 05:13:00",2221,1,"delta","inventory_ingestion","","delta","inventory_curation"
"semantic",4,"CUR-20260926","PL_04_Cur_Execute_Scripts","customer_dal","","","Succeeded","","2026-09-26 05:18:00","2026-09-26 05:23:00",1528,1,"delta","customer_curation","","delta","customer_dal"
"semantic",5,"CUR-20260926","PL_04_Cur_Execute_Scripts","sales_dal","","","Succeeded","","2026-09-26 05:24:00","2026-09-26 05:27:00",326,1,"delta","sales_curation","","delta","sales_dal"
"semantic",6,"CUR-20260926","PL_04_Cur_Execute_Scripts","inventory_dal","","","Succeeded","","2026-09-26 05:30:00","2026-09-26 05:34:00",75,1,"delta","inventory_curation","","delta","inventory_dal"
"curation",7,"CUR-20260927","PL_04_Cur_Execute_Scripts","customer_curation","","","Succeeded","","2026-09-27 05:00:00","2026-09-27 05:05:00",1448,1,"delta","customer_ingestion","","delta","customer_curation"
"curation",8,"CUR-20260927","PL_04_Cur_Execute_Scripts","sales_curation","","","Succeeded","","2026-09-27 05:06:00","2026-09-27 05:11:00",9378,1,"delta","sales_ingestion","customer_curation","delta","sales_curation"
"curation",9,"CUR-20260927","PL_04_Cur_Execute_Scripts","inventory_curation","","","Succeeded","","2026-09-27 05:12:00","2026-09-27 05:13:00",2247,1,"delta","inventory_ingestion","","delta","inventory_curation"
"semantic",10,"CUR-20260927","PL_04_Cur_Execute_Scripts","customer_dal","","","Succeeded","","2026-09-27 05:18:00","2026-09-27 05:21:00",1441,1,"delta","customer_curation","","delta","customer_dal"
"semantic",11,"CUR-20260927","PL_04_Cur_Execute_Scripts","sales_dal","","","Succeeded","","2026-09-27 05:24:00","2026-09-27 05:27:00",305,1,"delta","sales_curation","","delta","sales_dal"
"semantic",12,"CUR-20260927","PL_04_Cur_Execute_Scripts","inventory_dal","","","Succeeded","","2026-09-27 05:30:00","2026-09-27 05:34:00",71,1,"delta","inventory_curation","","delta","inventory_dal"
"curation",13,"CUR-20260928","PL_04_Cur_Execute_Scripts","customer_curation","","","Succeeded","","2026-09-28 05:00:00","2026-09-28 05:01:00",1431,1,"delta","customer_ingestion","","delta","customer_curation"
"curation",14,"CUR-20260928","PL_04_Cur_Execute_Scripts","sales_curation","","","Succeeded","","2026-09-28 05:06:00","2026-09-28 05:10:00",10005,1,"delta","sales_ingestion","customer_curation","delta","sales_curation"
"curation",15,"CUR-20260928","PL_04_Cur_Execute_Scripts","inventory_curation","","","Succeeded","","2026-09-28 05:12:00","2026-09-28 05:15:00",2269,1,"delta","inventory_ingestion","","delta","inventory_curation"
"semantic",16,"CUR-20260928","PL_04_Cur_Execute_Scripts","customer_dal","","","Succeeded","","2026-09-28 05:18:00","2026-09-28 05:22:00",1519,1,"delta","customer_curation","","delta","customer_dal"
"semantic",17,"CUR-20260928","PL_04_Cur_Execute_Scripts","sales_dal","","","Succeeded","","2026-09-28 05:24:00","2026-09-28 05:29:00",329,1,"delta","sales_curation","","delta","sales_dal"
"semantic",18,"CUR-20260928","PL_04_Cur_Execute_Scripts","inventory_dal","","","Succeeded","","2026-09-28 05:30:00","2026-09-28 05:32:00",72,1,"delta","inventory_curation","","delta","inventory_dal"
"curation",19,"CUR-20260929","PL_04_Cur_Execute_Scripts","customer_curation","","","Succeeded","","2026-09-29 05:00:00","2026-09-29 05:01:00",1466,1,"delta","customer_ingestion","","delta","customer_curation"
"curation",20,"CUR-20260929","PL_04_Cur_Execute_Scripts","sales_curation","","","Succeeded","","2026-09-29 05:06:00","2026-09-29 05:07:00",9528,1,"delta","sales_ingestion","customer_curation","delta","sales_curation"
"curation",21,"CUR-20260929","PL_04_Cur_Execute_Scripts","inventory_curation","","","Succeeded","","2026-09-29 05:12:00","2026-09-29 05:13:00",2318,1,"delta","inventory_ingestion","","delta","inventory_curation"
"semantic",22,"CUR-20260929","PL_04_Cur_Execute_Scripts","customer_dal","","","Succeeded","","2026-09-29 05:18:00","2026-09-29 05:23:00",1522,1,"delta","customer_curation","","delta","customer_dal"
"semantic",23,"CUR-20260929","PL_04_Cur_Execute_Scripts","sales_dal","","","Succeeded","","2026-09-29 05:24:00","2026-09-29 05:29:00",313,1,"delta","sales_curation","","delta","sales_dal"
"semantic",24,"CUR-20260929","PL_04_Cur_Execute_Scripts","inventory_dal","","","Succeeded","","2026-09-29 05:30:00","2026-09-29 05:33:00",75,1,"delta","inventory_curation","","delta","inventory_dal"
"curation",25,"CUR-20260930","PL_04_Cur_Execute_Scripts","customer_curation","","","Succeeded","","2026-09-30 05:00:00","2026-09-30 05:01:00",1574,1,"delta","customer_ingestion","","delta","customer_curation"
"curation",26,"CUR-20260930","PL_04_Cur_Execute_Scripts","sales_curation","","","Succeeded","","2026-09-30 05:06:00","2026-09-30 05:07:00",9972,1,"delta","sales_ingestion","customer_curation","delta","sales_curation"
"curation",27,"CUR-20260930","PL_04_Cur_Execute_Scripts","inventory_curation","","","Succeeded","","2026-09-30 05:12:00","2026-09-30 05:16:00",2213,1,"delta","inventory_ingestion","","delta","inventory_curation"
"semantic",28,"CUR-20260930","PL_04_Cur_Execute_Scripts","customer_dal","","","Succeeded","","2026-09-30 05:18:00","2026-09-30 05:20:00",1564,1,"delta","customer_curation","","delta","customer_dal"
"semantic",29,"CUR-20260930","PL_04_Cur_Execute_Scripts","sales_dal","","","Succeeded","","2026-09-30 05:24:00","2026-09-30 05:25:00",323,1,"delta","sales_curation","","delta","sales_dal"
"semantic",30,"CUR-20260930","PL_04_Cur_Execute_Scripts","inventory_dal","","","Succeeded","","2026-09-30 05:30:00","2026-09-30 05:33:00",78,1,"delta","inventory_curation","","delta","inventory_dal"
"curation",31,"CUR-20261001","PL_04_Cur_Execute_Scripts","customer_curation","","","Succeeded","","2026-10-01 05:00:00","2026-10-01 05:02:00",1553,1,"delta","customer_ingestion","","delta","customer_curation"
"curation",32,"CUR-20261001","PL_04_Cur_Execute_Scripts","sales_curation","","","Failed","AnalysisException: cannot resolve 'order_id' given input columns [].","2026-10-01 05:06:00","2026-10-01 05:07:00",0,1,"delta","sales_ingestion","customer_curation","delta","sales_curation"
"curation",33,"CUR-20261001","PL_04_Cur_Execute_Scripts","inventory_curation","","","Succeeded","","2026-10-01 05:12:00","2026-10-01 05:15:00",2408,1,"delta","inventory_ingestion","","delta","inventory_curation"
"semantic",34,"CUR-20261001","PL_04_Cur_Execute_Scripts","customer_dal","","","Succeeded","","2026-10-01 05:18:00","2026-10-01 05:23:00",1537,1,"delta","customer_curation","","delta","customer_dal"
"semantic",35,"CUR-20261001","PL_04_Cur_Execute_Scripts","sales_dal","","","Succeeded","","2026-10-01 05:24:00","2026-10-01 05:29:00",0,1,"delta","sales_curation","","delta","sales_dal"
"semantic",36,"CUR-20261001","PL_04_Cur_Execute_Scripts","inventory_dal","","","Failed","AnalysisException: cannot resolve 'reorder_level' given input columns [item_id, qty, warehouse].","2026-10-01 05:30:00","2026-10-01 05:34:00",0,1,"delta","inventory_curation","","delta","inventory_dal"
